Timestamp,Actual SPL (dB),Rate of Change,"Label (1=problematic,0=not problematic)",Target Value
2025-03-29 05:26:38,31.907387,-0.047195435,0,31.907387
2025-03-29 05:26:38,31.13906,-0.7683277,0,31.13906
2025-03-29 05:26:39,31.14952,0.010461807,0,31.14952
2025-03-29 05:26:39,29.986677,-1.1628437,0,29.986677
2025-03-29 05:26:39,30.54126,0.5545826,0,30.54126
2025-03-29 05:26:39,31.038334,0.49707413,0,31.038334
2025-03-29 05:26:39,31.940891,0.9025574,0,31.940891
2025-03-29 05:26:39,31.694199,-0.24669266,0,31.694199
2025-03-29 05:26:39,31.574791,-0.119407654,0,31.574791
2025-03-29 05:26:39,30.69274,-0.88205147,0,30.69274
2025-03-29 05:26:39,29.232084,-1.4606552,0,29.232084
2025-03-29 05:26:39,29.975685,0.74360085,0,29.975685
2025-03-29 05:26:39,32.61918,2.6434937,0,32.61918
2025-03-29 05:26:39,30.712715,-1.9064636,0,30.712715
2025-03-29 05:26:39,30.953259,0.24054337,0,30.953259
2025-03-29 05:26:39,31.01405,0.060791016,0,31.01405
2025-03-29 05:26:39,31.025787,0.0117378235,0,31.025787
2025-03-29 05:26:39,31.194427,0.16864014,0,31.194427
2025-03-29 05:26:39,32.411156,1.2167282,0,32.411156
2025-03-29 05:26:39,31.90863,-0.5025253,0,31.90863
2025-03-29 05:26:39,31.72804,-0.18058968,0,31.72804
2025-03-29 05:26:39,30.94739,-0.7806511,0,30.94739
2025-03-29 05:26:39,31.23308,0.2856903,0,31.23308
2025-03-29 05:26:39,31.166557,-0.0665226,0,31.166557
2025-03-29 05:26:40,32.248062,1.0815048,0,32.248062
2025-03-29 05:26:40,31.413994,-0.8340683,0,31.413994
2025-03-29 05:26:40,31.2406,-0.17339325,0,31.2406
2025-03-29 05:26:40,32.007908,0.7673073,0,32.007908
2025-03-29 05:26:40,31.424284,-0.5836239,0,31.424284
2025-03-29 05:26:40,31.565243,0.14095879,0,31.565243
2025-03-29 05:26:40,31.880203,0.31496048,0,31.880203
2025-03-29 05:26:40,31.66016,-0.22004318,0,31.66016
2025-03-29 05:26:40,33.255486,1.5953255,0,33.255486
2025-03-29 05:26:40,32.797585,-0.457901,0,32.797585
2025-03-29 05:26:40,31.433968,-1.363617,0,31.433968
2025-03-29 05:26:40,31.870945,0.4369774,0,31.870945
2025-03-29 05:26:40,32.24109,0.3701439,0,32.24109
2025-03-29 05:26:40,32.482567,0.24147797,0,32.482567
2025-03-29 05:26:40,31.746971,-0.7355957,0,31.746971
2025-03-29 05:26:40,31.694286,-0.052684784,0,31.694286
2025-03-29 05:26:40,32.057777,0.36349106,0,32.057777
2025-03-29 05:26:40,30.847279,-1.2104988,0,30.847279
2025-03-29 05:26:40,30.697628,-0.14965057,0,30.697628
2025-03-29 05:26:40,31.217344,0.51971626,0,31.217344
2025-03-29 05:26:40,30.063293,-1.1540508,0,30.063293
2025-03-29 05:26:40,32.094826,2.0315323,0,32.094826
2025-03-29 05:26:41,32.530518,0.43569183,0,32.530518
2025-03-29 05:26:41,30.546879,-1.9836388,0,30.546879
2025-03-29 05:26:41,30.343094,-0.20378494,0,30.343094
2025-03-29 05:26:41,30.751783,0.4086895,0,30.751783
2025-03-29 05:26:41,31.266594,0.51481056,0,31.266594
2025-03-29 05:26:41,31.493494,0.2269001,0,31.493494
2025-03-29 05:26:41,31.32371,-0.16978455,0,31.32371
2025-03-29 05:26:41,31.395245,0.07153511,0,31.395245
2025-03-29 05:26:41,31.472908,0.07766342,0,31.472908
2025-03-29 05:26:41,29.985542,-1.4873657,0,29.985542
2025-03-29 05:26:41,30.13975,0.15420723,0,30.13975
2025-03-29 05:26:41,29.31198,-0.82777023,0,29.31198
2025-03-29 05:26:41,30.96801,1.6560307,0,30.96801
2025-03-29 05:26:41,32.25152,1.2835083,0,32.25152
2025-03-29 05:26:41,31.294,-0.9575176,0,31.294
2025-03-29 05:26:41,31.99506,0.70105934,0,31.99506
2025-03-29 05:26:41,30.264774,-1.7302856,0,30.264774
2025-03-29 05:26:41,29.590572,-0.67420197,0,29.590572
2025-03-29 05:26:41,30.492817,0.90224457,0,30.492817
2025-03-29 05:26:41,31.086119,0.5933018,0,31.086119
2025-03-29 05:26:41,30.184086,-0.90203285,0,30.184086
2025-03-29 05:26:42,31.93256,1.7484741,0,31.93256
2025-03-29 05:26:42,30.48563,-1.4469299,0,30.48563
2025-03-29 05:26:42,29.175016,-1.3106136,0,29.175016
2025-03-29 05:26:42,30.425318,1.2503014,0,30.425318
2025-03-29 05:26:42,30.862797,0.43747902,0,30.862797
2025-03-29 05:26:42,31.520603,0.6578064,0,31.520603
2025-03-29 05:26:42,31.73068,0.21007729,0,31.73068
2025-03-29 05:26:42,31.670422,-0.060258865,0,31.670422
2025-03-29 05:26:42,30.85339,-0.81703186,0,30.85339
2025-03-29 05:26:42,32.34278,1.4893913,0,32.34278
2025-03-29 05:26:42,29.697779,-2.6450024,0,29.697779
2025-03-29 05:26:42,31.248224,1.5504456,0,31.248224
2025-03-29 05:26:42,31.698639,0.45041466,0,31.698639
2025-03-29 05:26:42,31.165207,-0.533432,0,31.165207
2025-03-29 05:26:42,31.28999,0.12478256,0,31.28999
2025-03-29 05:26:42,30.581112,-0.70887756,0,30.581112
2025-03-29 05:26:42,31.997908,1.4167957,0,31.997908
2025-03-29 05:26:42,31.994434,-0.0034732819,0,31.994434
2025-03-29 05:26:42,31.55167,-0.44276428,0,31.55167
2025-03-29 05:26:42,31.31051,-0.24115944,0,31.31051
2025-03-29 05:26:42,31.444687,0.13417625,0,31.444687
2025-03-29 05:26:42,33.194756,1.7500687,0,33.194756
2025-03-29 05:26:43,32.225075,-0.9696808,0,32.225075
2025-03-29 05:26:43,31.149555,-1.0755196,0,31.149555
2025-03-29 05:26:43,31.713411,0.5638561,0,31.713411
2025-03-29 05:26:43,32.17195,0.45853996,0,32.17195
2025-03-29 05:26:43,30.416353,-1.7555981,0,30.416353
2025-03-29 05:26:43,29.81015,-0.6062031,0,29.81015
2025-03-29 05:26:43,31.3288,1.51865,0,31.3288
2025-03-29 05:26:43,30.836437,-0.49236298,0,30.836437
2025-03-29 05:26:43,30.619184,-0.21725273,0,30.619184
2025-03-29 05:26:43,32.422634,1.8034496,0,32.422634
2025-03-29 05:26:43,30.481747,-1.9408875,0,30.481747
2025-03-29 05:26:43,30.661415,0.17966843,0,30.661415
2025-03-29 05:26:43,31.573267,0.9118519,0,31.573267
2025-03-29 05:26:43,31.472157,-0.10111046,0,31.472157
2025-03-29 05:26:43,31.72913,0.25697327,0,31.72913
2025-03-29 05:26:43,31.09964,-0.6294899,0,31.09964
2025-03-29 05:26:43,31.479115,0.37947464,0,31.479115
2025-03-29 05:26:43,31.029903,-0.44921112,0,31.029903
2025-03-29 05:26:43,30.77842,-0.25148392,0,30.77842
2025-03-29 05:26:43,31.438292,0.65987206,0,31.438292
2025-03-29 05:26:43,31.176224,-0.2620678,0,31.176224
2025-03-29 05:26:44,30.72548,-0.45074463,0,30.72548
2025-03-29 05:26:44,31.38639,0.66091156,0,31.38639
2025-03-29 05:26:44,32.113922,0.72753143,0,32.113922
2025-03-29 05:26:44,32.900326,0.78640366,0,32.900326
2025-03-29 05:26:44,30.852264,-2.0480614,0,30.852264
2025-03-29 05:26:44,31.035583,0.18331909,0,31.035583
2025-03-29 05:26:44,30.914742,-0.12084198,0,30.914742
2025-03-29 05:26:44,32.38873,1.4739876,0,32.38873
2025-03-29 05:26:44,31.291203,-1.0975266,0,31.291203
2025-03-29 05:26:44,31.217556,-0.073646545,0,31.217556
2025-03-29 05:26:44,31.218086,0.0005302429,0,31.218086
2025-03-29 05:26:44,30.836159,-0.3819275,0,30.836159
2025-03-29 05:26:44,30.569952,-0.26620674,0,30.569952
2025-03-29 05:26:44,30.511026,-0.05892563,0,30.511026
2025-03-29 05:26:44,31.408558,0.8975315,0,31.408558
2025-03-29 05:26:44,31.894009,0.48545074,0,31.894009
2025-03-29 05:26:44,30.7318,-1.1622086,0,30.7318
2025-03-29 05:26:44,30.845898,0.114097595,0,30.845898
2025-03-29 05:26:44,31.492233,0.6463356,0,31.492233
2025-03-29 05:26:44,30.029655,-1.4625778,0,30.029655
2025-03-29 05:26:44,30.532726,0.50307083,0,30.532726
2025-03-29 05:26:44,31.577642,1.0449162,0,31.577642
2025-03-29 05:26:45,32.056877,0.4792347,0,32.056877
2025-03-29 05:26:45,32.996414,0.93953705,0,32.996414
2025-03-29 05:26:45,32.282005,-0.7144089,0,32.282005
2025-03-29 05:26:45,30.748077,-1.5339279,0,30.748077
2025-03-29 05:26:45,31.562271,0.8141937,0,31.562271
2025-03-29 05:26:45,32.78128,1.2190094,0,32.78128
2025-03-29 05:26:45,32.86734,0.08605957,0,32.86734
2025-03-29 05:26:45,33.98726,1.1199188,0,33.98726
2025-03-29 05:26:45,35.25766,1.270401,0,35.25766
2025-03-29 05:26:45,36.66469,1.4070282,0,36.66469
2025-03-29 05:26:45,35.460068,-1.2046204,0,35.460068
2025-03-29 05:26:45,34.23494,-1.2251282,0,34.23494
2025-03-29 05:26:45,34.008408,-0.22653198,0,34.008408
2025-03-29 05:26:45,33.155003,-0.853405,0,33.155003
2025-03-29 05:26:45,32.509277,-0.64572525,0,32.509277
2025-03-29 05:26:45,32.088318,-0.42095947,0,32.088318
2025-03-29 05:26:45,33.21551,1.1271935,0,33.21551
2025-03-29 05:26:45,32.658997,-0.55651474,0,32.658997
2025-03-29 05:26:45,31.806192,-0.8528042,0,31.806192
2025-03-29 05:26:45,33.71601,1.9098186,0,33.71601
2025-03-29 05:26:45,36.232006,2.515995,0,36.232006
2025-03-29 05:26:46,32.706413,-3.5255928,0,32.706413
2025-03-29 05:26:46,32.785847,0.07943344,0,32.785847
2025-03-29 05:26:46,32.256042,-0.5298042,0,32.256042
2025-03-29 05:26:46,31.1343,-1.1217422,0,31.1343
2025-03-29 05:26:46,30.826225,-0.30807495,0,30.826225
2025-03-29 05:26:46,32.94948,2.1232529,0,32.94948
2025-03-29 05:26:46,32.868202,-0.08127594,0,32.868202
2025-03-29 05:26:46,30.765461,-2.1027412,0,30.765461
2025-03-29 05:26:46,32.188797,1.423336,0,32.188797
2025-03-29 05:26:46,31.744556,-0.44424057,0,31.744556
2025-03-29 05:26:46,32.76703,1.0224724,0,32.76703
2025-03-29 05:26:46,33.148426,0.38139725,0,33.148426
2025-03-29 05:26:46,32.231213,-0.91721344,0,32.231213
2025-03-29 05:26:46,30.247221,-1.9839916,0,30.247221
2025-03-29 05:26:46,30.485317,0.23809624,0,30.485317
2025-03-29 05:26:46,31.442568,0.9572506,0,31.442568
2025-03-29 05:26:46,32.43479,0.99222374,0,32.43479
2025-03-29 05:26:46,31.277817,-1.1569748,0,31.277817
2025-03-29 05:26:46,32.308617,1.0307999,0,32.308617
2025-03-29 05:26:46,31.532085,-0.7765312,0,31.532085
2025-03-29 05:26:46,32.658623,1.1265373,0,32.658623
2025-03-29 05:26:46,31.71237,-0.9462528,0,31.71237
2025-03-29 05:26:47,30.87782,-0.83455086,0,30.87782
2025-03-29 05:26:47,31.514357,0.63653755,0,31.514357
2025-03-29 05:26:47,31.212135,-0.3022213,0,31.212135
2025-03-29 05:26:47,34.28215,3.070015,0,34.28215
2025-03-29 05:26:47,32.847878,-1.4342728,0,32.847878
2025-03-29 05:26:47,30.822191,-2.0256863,0,30.822191
2025-03-29 05:26:47,30.937206,0.11501503,0,30.937206
2025-03-29 05:26:47,34.13241,3.1952019,0,34.13241
2025-03-29 05:26:47,38.77752,4.645111,0,38.77752
2025-03-29 05:26:47,34.22982,-4.547699,0,34.22982
2025-03-29 05:26:47,32.210762,-2.0190582,0,32.210762
2025-03-29 05:26:47,35.12642,2.915657,0,35.12642
2025-03-29 05:26:47,43.338905,8.212486,0,43.338905
2025-03-29 05:26:47,36.35726,-6.9816437,0,36.35726
2025-03-29 05:26:47,53.39673,17.039467,0,53.39673
2025-03-29 05:26:47,46.19322,-7.2035103,0,46.19322
2025-03-29 05:26:47,38.75996,-7.433258,0,38.75996
2025-03-29 05:26:47,37.447395,-1.3125648,0,37.447395
2025-03-29 05:26:47,50.009422,12.562027,0,50.009422
2025-03-29 05:26:47,49.81418,-0.19524384,0,49.81418
2025-03-29 05:26:47,41.304863,-8.5093155,0,41.304863
2025-03-29 05:26:48,36.856766,-4.448097,0,36.856766
2025-03-29 05:26:48,35.98219,-0.87457657,0,35.98219
2025-03-29 05:26:48,37.797375,1.8151855,0,37.797375
2025-03-29 05:26:48,35.459904,-2.337471,0,35.459904
2025-03-29 05:26:48,34.77333,-0.686573,0,34.77333
2025-03-29 05:26:48,36.537968,1.764637,0,36.537968
2025-03-29 05:26:48,34.985283,-1.5526848,0,34.985283
2025-03-29 05:26:48,33.849068,-1.1362152,0,33.849068
2025-03-29 05:26:48,32.217518,-1.6315498,0,32.217518
2025-03-29 05:26:48,31.210806,-1.006712,0,31.210806
2025-03-29 05:26:48,32.826668,1.6158619,0,32.826668
2025-03-29 05:26:48,32.39028,-0.4363861,0,32.39028
2025-03-29 05:26:48,32.849518,0.45923615,0,32.849518
2025-03-29 05:26:48,33.8363,0.9867821,0,33.8363
2025-03-29 05:26:48,31.962257,-1.8740425,0,31.962257
2025-03-29 05:26:48,32.096535,0.13427734,0,32.096535
2025-03-29 05:26:48,32.559765,0.46323013,0,32.559765
2025-03-29 05:26:48,30.571396,-1.988369,0,30.571396
2025-03-29 05:26:48,31.364534,0.7931385,0,31.364534
2025-03-29 05:26:48,31.772446,0.4079113,0,31.772446
2025-03-29 05:26:48,31.656261,-0.116184235,0,31.656261
2025-03-29 05:26:49,31.152142,-0.5041199,0,31.152142
2025-03-29 05:26:49,32.053513,0.901371,0,32.053513
2025-03-29 05:26:49,32.907436,0.8539238,0,32.907436
2025-03-29 05:26:49,33.19377,0.286335,0,33.19377
2025-03-29 05:26:49,32.943214,-0.25055695,0,32.943214
2025-03-29 05:26:49,31.31395,-1.6292648,0,31.31395
2025-03-29 05:26:49,31.849194,0.535244,0,31.849194
2025-03-29 05:26:49,31.459404,-0.38978958,0,31.459404
2025-03-29 05:26:49,32.084297,0.6248932,0,32.084297
2025-03-29 05:26:49,33.42551,1.3412132,0,33.42551
2025-03-29 05:26:49,33.054398,-0.37111282,0,33.054398
2025-03-29 05:26:49,34.511787,1.4573898,0,34.511787
2025-03-29 05:26:49,33.820496,-0.6912918,0,33.820496
2025-03-29 05:26:49,32.16063,-1.6598663,0,32.16063
2025-03-29 05:26:49,32.375435,0.2148056,0,32.375435
2025-03-29 05:26:49,44.855095,12.47966,0,44.855095
2025-03-29 05:26:49,49.102028,4.246933,0,49.102028
2025-03-29 05:26:49,42.49339,-6.608639,0,42.49339
2025-03-29 05:26:49,37.16076,-5.33263,0,37.16076
2025-03-29 05:26:49,33.766533,-3.394226,0,33.766533
2025-03-29 05:26:49,33.375877,-0.39065552,0,33.375877
2025-03-29 05:26:49,32.77397,-0.6019058,0,32.77397
2025-03-29 05:26:50,32.63616,-0.13780975,0,32.63616
2025-03-29 05:26:50,33.73225,1.0960884,0,33.73225
2025-03-29 05:26:50,31.375984,-2.356266,0,31.375984
2025-03-29 05:26:50,32.437267,1.0612831,0,32.437267
2025-03-29 05:26:50,30.498285,-1.938982,0,30.498285
2025-03-29 05:26:50,31.504335,1.0060501,0,31.504335
2025-03-29 05:26:50,31.746075,0.24173927,0,31.746075
2025-03-29 05:26:50,31.478155,-0.26791954,0,31.478155
2025-03-29 05:26:50,32.081013,0.6028576,0,32.081013
2025-03-29 05:26:50,31.028896,-1.0521164,0,31.028896
2025-03-29 05:26:50,31.45798,0.42908287,0,31.45798
2025-03-29 05:26:50,31.387165,-0.07081413,0,31.387165
2025-03-29 05:26:50,32.15264,0.7654762,0,32.15264
2025-03-29 05:26:50,31.170435,-0.98220634,0,31.170435
2025-03-29 05:26:50,32.581154,1.4107189,0,32.581154
2025-03-29 05:26:50,33.31341,0.73225784,0,33.31341
2025-03-29 05:26:50,32.165165,-1.1482468,0,32.165165
2025-03-29 05:26:50,31.620804,-0.5443611,0,31.620804
2025-03-29 05:26:50,32.715805,1.0950012,0,32.715805
2025-03-29 05:26:50,34.88942,2.1736145,0,34.88942
2025-03-29 05:26:50,35.406948,0.51752853,0,35.406948
2025-03-29 05:26:51,35.022305,-0.38464355,0,35.022305
2025-03-29 05:26:51,33.030144,-1.9921608,0,33.030144
2025-03-29 05:26:51,31.528952,-1.5011921,0,31.528952
2025-03-29 05:26:51,31.875956,0.34700394,0,31.875956
2025-03-29 05:26:51,30.74318,-1.1327763,0,30.74318
2025-03-29 05:26:51,32.021973,1.2787933,0,32.021973
2025-03-29 05:26:51,32.067196,0.045223236,0,32.067196
2025-03-29 05:26:51,31.579035,-0.4881611,0,31.579035
2025-03-29 05:26:51,32.184868,0.60583305,0,32.184868
2025-03-29 05:26:51,33.840195,1.6553268,0,33.840195
2025-03-29 05:26:51,37.275913,3.4357185,0,37.275913
2025-03-29 05:26:51,34.25991,-3.0160027,0,34.25991
2025-03-29 05:26:51,33.35209,-0.90782166,0,33.35209
2025-03-29 05:26:51,32.81846,-0.5336304,0,32.81846
2025-03-29 05:26:51,35.966812,3.1483536,0,35.966812
2025-03-29 05:26:51,35.762066,-0.20474625,0,35.762066
2025-03-29 05:26:51,33.691334,-2.070732,0,33.691334
2025-03-29 05:26:51,32.19303,-1.4983025,0,32.19303
2025-03-29 05:26:51,31.63186,-0.5611706,0,31.63186
2025-03-29 05:26:51,33.215607,1.583746,0,33.215607
2025-03-29 05:26:51,32.300137,-0.9154701,0,32.300137
2025-03-29 05:26:51,31.906528,-0.3936081,0,31.906528
2025-03-29 05:26:52,30.162287,-1.7442417,0,30.162287
2025-03-29 05:26:52,30.950321,0.78803444,0,30.950321
2025-03-29 05:26:52,32.19708,1.2467575,0,32.19708
2025-03-29 05:26:52,31.862507,-0.33457184,0,31.862507
2025-03-29 05:26:52,32.326553,0.46404648,0,32.326553
2025-03-29 05:26:52,31.079367,-1.2471867,0,31.079367
2025-03-29 05:26:52,32.144913,1.065546,0,32.144913
2025-03-29 05:26:52,30.516731,-1.6281815,0,30.516731
2025-03-29 05:26:52,31.895668,1.3789368,0,31.895668
2025-03-29 05:26:52,32.475563,0.579895,0,32.475563
2025-03-29 05:26:52,31.966698,-0.50886536,0,31.966698
2025-03-29 05:26:52,31.11654,-0.8501568,0,31.11654
2025-03-29 05:26:52,30.9922,-0.12434006,0,30.9922
2025-03-29 05:26:52,32.141846,1.1496449,0,32.141846
2025-03-29 05:26:52,32.383293,0.24144745,0,32.383293
2025-03-29 05:26:52,31.886696,-0.4965973,0,31.886696
2025-03-29 05:26:52,34.69227,2.8055725,0,34.69227
2025-03-29 05:26:52,32.120937,-2.571331,0,32.120937
2025-03-29 05:26:52,33.234028,1.1130905,0,33.234028
2025-03-29 05:26:52,32.874638,-0.35939026,0,32.874638
2025-03-29 05:26:52,31.721334,-1.1533031,0,31.721334
2025-03-29 05:26:53,31.073654,-0.6476803,0,31.073654
2025-03-29 05:26:53,30.669882,-0.40377235,0,30.669882
2025-03-29 05:26:53,32.337425,1.6675434,0,32.337425
2025-03-29 05:26:53,31.7712,-0.56622505,0,31.7712
2025-03-29 05:26:53,33.0455,1.2743015,0,33.0455
2025-03-29 05:26:53,32.346153,-0.69934845,0,32.346153
2025-03-29 05:26:53,30.784647,-1.5615063,0,30.784647
2025-03-29 05:26:53,33.21717,2.4325237,0,33.21717
2025-03-29 05:26:53,32.06799,-1.1491814,0,32.06799
2025-03-29 05:26:53,32.80416,0.7361717,0,32.80416
2025-03-29 05:26:53,31.791058,-1.0131035,0,31.791058
2025-03-29 05:26:53,32.417885,0.62682724,0,32.417885
2025-03-29 05:26:53,33.66848,1.2505951,0,33.66848
2025-03-29 05:26:53,33.63192,-0.03656006,0,33.63192
2025-03-29 05:26:53,32.727654,-0.90426636,0,32.727654
2025-03-29 05:26:53,31.141241,-1.5864124,0,31.141241
2025-03-29 05:26:53,31.853714,0.7124729,0,31.853714
2025-03-29 05:26:53,31.676414,-0.1772995,0,31.676414
2025-03-29 05:26:53,33.240334,1.5639191,0,33.240334
2025-03-29 05:26:53,34.060593,0.8202591,0,34.060593
2025-03-29 05:26:53,32.516666,-1.5439262,0,32.516666
2025-03-29 05:26:53,32.0206,-0.49606705,0,32.0206
2025-03-29 05:26:54,35.208527,3.1879272,0,35.208527
2025-03-29 05:26:54,34.570984,-0.6375427,0,34.570984
2025-03-29 05:26:54,37.38787,2.816887,0,37.38787
2025-03-29 05:26:54,45.708908,8.321037,0,45.708908
2025-03-29 05:26:54,44.214546,-1.4943619,0,44.214546
2025-03-29 05:26:54,39.29943,-4.9151154,0,39.29943
2025-03-29 05:26:54,37.125366,-2.1740646,0,37.125366
2025-03-29 05:26:54,35.065155,-2.0602112,0,35.065155
2025-03-29 05:26:54,35.471725,0.40657043,0,35.471725
2025-03-29 05:26:54,33.992744,-1.478981,0,33.992744
2025-03-29 05:26:54,32.92282,-1.0699234,0,32.92282
2025-03-29 05:26:54,33.46389,0.54106903,0,33.46389
2025-03-29 05:26:54,33.153687,-0.31020355,0,33.153687
2025-03-29 05:26:54,31.780888,-1.3727989,0,31.780888
2025-03-29 05:26:54,32.129814,0.34892654,0,32.129814
2025-03-29 05:26:54,32.027363,-0.102451324,0,32.027363
2025-03-29 05:26:54,30.845554,-1.1818085,0,30.845554
2025-03-29 05:26:54,32.428665,1.5831108,0,32.428665
2025-03-29 05:26:54,31.228065,-1.2005997,0,31.228065
2025-03-29 05:26:54,32.210487,0.9824219,0,32.210487
2025-03-29 05:26:54,31.359753,-0.8507347,0,31.359753
2025-03-29 05:26:55,32.55016,1.1904068,0,32.55016
2025-03-29 05:26:55,30.174505,-2.3756542,0,30.174505
2025-03-29 05:26:55,31.231213,1.0567074,0,31.231213
2025-03-29 05:26:55,31.469172,0.23795891,0,31.469172
2025-03-29 05:26:55,31.836088,0.36691666,0,31.836088
2025-03-29 05:26:55,30.905262,-0.9308262,0,30.905262
2025-03-29 05:26:55,33.40016,2.4948997,0,33.40016
2025-03-29 05:26:55,32.710728,-0.68943405,0,32.710728
2025-03-29 05:26:55,31.821863,-0.8888645,0,31.821863
2025-03-29 05:26:55,31.960377,0.13851357,0,31.960377
2025-03-29 05:26:55,32.461628,0.5012512,0,32.461628
2025-03-29 05:26:55,31.523827,-0.93780136,0,31.523827
2025-03-29 05:26:55,31.185734,-0.3380928,0,31.185734
2025-03-29 05:26:55,30.782047,-0.40368652,0,30.782047
2025-03-29 05:26:55,31.912497,1.1304493,0,31.912497
2025-03-29 05:26:55,31.270666,-0.64183044,0,31.270666
2025-03-29 05:26:55,31.78036,0.50969315,0,31.78036
2025-03-29 05:26:55,32.027718,0.24735832,0,32.027718
2025-03-29 05:26:55,31.506275,-0.5214424,0,31.506275
2025-03-29 05:26:55,31.38294,-0.123334885,0,31.38294
2025-03-29 05:26:55,32.47415,1.0912113,0,32.47415
2025-03-29 05:26:56,30.272219,-2.201933,0,30.272219
2025-03-29 05:26:56,32.49439,2.2221699,0,32.49439
2025-03-29 05:26:56,31.849482,-0.644907,0,31.849482
2025-03-29 05:26:56,31.79268,-0.056800842,0,31.79268
2025-03-29 05:26:56,34.510597,2.7179165,0,34.510597
2025-03-29 05:26:56,33.194733,-1.3158646,0,33.194733
2025-03-29 05:26:56,34.815037,1.6203041,0,34.815037
2025-03-29 05:26:56,33.437027,-1.3780098,0,33.437027
2025-03-29 05:26:56,32.270355,-1.1666718,0,32.270355
2025-03-29 05:26:56,32.433517,0.16316223,0,32.433517
2025-03-29 05:26:56,32.213707,-0.21981049,0,32.213707
2025-03-29 05:26:56,33.11393,0.9002228,0,33.11393
2025-03-29 05:26:56,35.113644,1.9997139,0,35.113644
2025-03-29 05:26:56,41.144833,6.031189,0,41.144833
2025-03-29 05:26:56,34.697018,-6.447815,0,34.697018
2025-03-29 05:26:56,33.989944,-0.7070732,0,33.989944
2025-03-29 05:26:56,37.509342,3.5193977,0,37.509342
2025-03-29 05:26:56,34.14985,-3.3594933,0,34.14985
2025-03-29 05:26:56,33.815865,-0.33398438,0,33.815865
2025-03-29 05:26:56,33.104065,-0.7117996,0,33.104065
2025-03-29 05:26:56,34.00858,0.9045143,0,34.00858
2025-03-29 05:26:56,33.858013,-0.1505661,0,33.858013
2025-03-29 05:26:57,32.607346,-1.2506676,0,32.607346
2025-03-29 05:26:57,33.949005,1.3416595,0,33.949005
2025-03-29 05:26:57,32.15954,-1.7894669,0,32.15954
2025-03-29 05:26:57,43.385887,11.226349,0,43.385887
2025-03-29 05:26:57,41.480873,-1.905014,0,41.480873
2025-03-29 05:26:57,35.268074,-6.212799,0,35.268074
2025-03-29 05:26:57,32.931732,-2.3363419,0,32.931732
2025-03-29 05:26:57,32.75322,-0.17851257,0,32.75322
2025-03-29 05:26:57,34.847496,2.0942764,0,34.847496
2025-03-29 05:26:57,34.6817,-0.16579437,0,34.6817
2025-03-29 05:26:57,35.150066,0.46836472,0,35.150066
2025-03-29 05:26:57,36.355812,1.2057457,0,36.355812
2025-03-29 05:26:57,35.310715,-1.0450974,0,35.310715
2025-03-29 05:26:57,36.41145,1.1007347,0,36.41145
2025-03-29 05:26:57,33.654144,-2.7573051,0,33.654144
2025-03-29 05:26:57,33.27465,-0.3794937,0,33.27465
2025-03-29 05:26:57,32.660465,-0.61418533,0,32.660465
2025-03-29 05:26:57,32.37755,-0.28291702,0,32.37755
2025-03-29 05:26:57,31.503218,-0.8743305,0,31.503218
2025-03-29 05:26:57,31.990532,0.48731422,0,31.990532
2025-03-29 05:26:57,31.680332,-0.31019974,0,31.680332
2025-03-29 05:26:58,32.557713,0.8773804,0,32.557713
2025-03-29 05:26:58,33.269577,0.7118645,0,33.269577
2025-03-29 05:26:58,31.97321,-1.2963676,0,31.97321
2025-03-29 05:26:58,31.087315,-0.8858948,0,31.087315
2025-03-29 05:26:58,32.03369,0.9463768,0,32.03369
2025-03-29 05:26:58,32.878105,0.84441376,0,32.878105
2025-03-29 05:26:58,33.160587,0.28248215,0,33.160587
2025-03-29 05:26:58,33.512947,0.35235977,0,33.512947
2025-03-29 05:26:58,33.548325,0.035377502,0,33.548325
2025-03-29 05:26:58,32.625504,-0.92282104,0,32.625504
2025-03-29 05:26:58,31.514172,-1.1113319,0,31.514172
2025-03-29 05:26:58,30.587421,-0.9267502,0,30.587421
2025-03-29 05:26:58,30.522451,-0.06497002,0,30.522451
2025-03-29 05:26:58,30.351885,-0.17056656,0,30.351885
2025-03-29 05:26:58,31.059029,0.7071438,0,31.059029
2025-03-29 05:26:58,31.431885,0.37285614,0,31.431885
2025-03-29 05:26:58,32.5465,1.1146164,0,32.5465
2025-03-29 05:26:58,30.930862,-1.6156387,0,30.930862
2025-03-29 05:26:58,32.120266,1.1894035,0,32.120266
2025-03-29 05:26:58,34.828094,2.7078285,0,34.828094
2025-03-29 05:26:58,52.58172,17.753624,0,52.58172
2025-03-29 05:26:58,52.902107,0.3203888,0,52.902107
2025-03-29 05:26:59,51.367867,-1.5342407,0,51.367867
2025-03-29 05:26:59,47.62349,-3.7443771,0,47.62349
2025-03-29 05:26:59,41.033165,-6.5903244,0,41.033165
2025-03-29 05:26:59,36.843914,-4.189251,0,36.843914
2025-03-29 05:26:59,33.479706,-3.3642082,0,33.479706
2025-03-29 05:26:59,32.602043,-0.87766266,0,32.602043
2025-03-29 05:26:59,31.760891,-0.8411522,0,31.760891
2025-03-29 05:26:59,31.188375,-0.5725155,0,31.188375
2025-03-29 05:26:59,32.410152,1.221777,0,32.410152
2025-03-29 05:26:59,32.613525,0.20337296,0,32.613525
2025-03-29 05:26:59,30.541544,-2.0719814,0,30.541544
2025-03-29 05:26:59,31.910122,1.368578,0,31.910122
2025-03-29 05:26:59,31.339724,-0.57039833,0,31.339724
2025-03-29 05:26:59,30.47157,-0.8681545,0,30.47157
2025-03-29 05:26:59,31.197807,0.72623825,0,31.197807
2025-03-29 05:26:59,32.511253,1.313446,0,32.511253
2025-03-29 05:26:59,32.475082,-0.03617096,0,32.475082
2025-03-29 05:26:59,30.638428,-1.8366547,0,30.638428
2025-03-29 05:26:59,30.199701,-0.43872643,0,30.199701
2025-03-29 05:26:59,31.25423,1.0545292,0,31.25423
2025-03-29 05:26:59,33.774605,2.5203743,0,33.774605
2025-03-29 05:26:59,32.54932,-1.2252846,0,32.54932
2025-03-29 05:27:00,31.368551,-1.180769,0,31.368551
2025-03-29 05:27:00,31.577805,0.20925331,0,31.577805
2025-03-29 05:27:00,30.881851,-0.69595337,0,30.881851
2025-03-29 05:27:00,30.83584,-0.04601097,0,30.83584
2025-03-29 05:27:00,31.755342,0.91950226,0,31.755342
2025-03-29 05:27:00,32.54938,0.7940388,0,32.54938
2025-03-29 05:27:00,32.348755,-0.20062637,0,32.348755
2025-03-29 05:27:00,30.945671,-1.4030838,0,30.945671
2025-03-29 05:27:00,32.658936,1.7132645,0,32.658936
2025-03-29 05:27:00,32.070755,-0.58818054,0,32.070755
2025-03-29 05:27:00,30.340996,-1.7297592,0,30.340996
2025-03-29 05:27:00,32.333496,1.9925003,0,32.333496
2025-03-29 05:27:00,32.528214,0.1947174,0,32.528214
2025-03-29 05:27:00,31.736414,-0.79179955,0,31.736414
2025-03-29 05:27:00,30.914558,-0.82185555,0,30.914558
2025-03-29 05:27:00,30.172146,-0.74241257,0,30.172146
2025-03-29 05:27:00,32.059826,1.88768,0,32.059826
2025-03-29 05:27:00,32.32685,0.267025,0,32.32685
2025-03-29 05:27:00,33.394985,1.0681343,0,33.394985
2025-03-29 05:27:00,32.576286,-0.8186989,0,32.576286
2025-03-29 05:27:00,31.506159,-1.0701275,0,31.506159
2025-03-29 05:27:01,30.71428,-0.79187965,0,30.71428
2025-03-29 05:27:01,30.043835,-0.6704445,0,30.043835
2025-03-29 05:27:01,31.22243,1.1785946,0,31.22243
2025-03-29 05:27:01,30.615871,-0.60655785,0,30.615871
2025-03-29 05:27:01,31.48782,0.87194824,0,31.48782
2025-03-29 05:27:01,32.57743,1.089611,0,32.57743
2025-03-29 05:27:01,32.147255,-0.43017578,0,32.147255
2025-03-29 05:27:01,30.566427,-1.5808277,0,30.566427
2025-03-29 05:27:01,29.092545,-1.4738827,0,29.092545
2025-03-29 05:27:01,29.70794,0.6153946,0,29.70794
2025-03-29 05:27:01,30.662361,0.954422,0,30.662361
2025-03-29 05:27:01,31.38623,0.7238693,0,31.38623
2025-03-29 05:27:01,30.875664,-0.5105667,0,30.875664
2025-03-29 05:27:01,30.56358,-0.3120842,0,30.56358
2025-03-29 05:27:01,30.543385,-0.020195007,0,30.543385
2025-03-29 05:27:01,32.05618,1.5127945,0,32.05618
2025-03-29 05:27:01,31.782307,-0.27387238,0,31.782307
2025-03-29 05:27:01,31.449251,-0.3330555,0,31.449251
2025-03-29 05:27:01,30.949192,-0.5000591,0,30.949192
2025-03-29 05:27:01,31.47662,0.5274277,0,31.47662
2025-03-29 05:27:01,29.818079,-1.6585407,0,29.818079
2025-03-29 05:27:01,30.82922,1.0111408,0,30.82922
2025-03-29 05:27:02,31.263435,0.43421555,0,31.263435
2025-03-29 05:27:02,31.958893,0.69545746,0,31.958893
2025-03-29 05:27:02,31.547834,-0.41105843,0,31.547834
2025-03-29 05:27:02,31.768414,0.22057915,0,31.768414
2025-03-29 05:27:02,31.153755,-0.61465836,0,31.153755
2025-03-29 05:27:02,31.532654,0.37889862,0,31.532654
2025-03-29 05:27:02,31.932537,0.39988327,0,31.932537
2025-03-29 05:27:02,30.89592,-1.0366173,0,30.89592
2025-03-29 05:27:02,29.888306,-1.0076141,0,29.888306
2025-03-29 05:27:02,30.756699,0.86839294,0,30.756699
2025-03-29 05:27:02,30.35233,-0.40436935,0,30.35233
2025-03-29 05:27:02,30.85802,0.5056915,0,30.85802
2025-03-29 05:27:02,32.743996,1.8859749,0,32.743996
2025-03-29 05:27:02,33.28224,0.53824615,0,33.28224
2025-03-29 05:27:02,34.178932,0.89669037,0,34.178932
2025-03-29 05:27:02,34.12772,-0.05121231,0,34.12772
2025-03-29 05:27:02,35.075294,0.9475746,0,35.075294
2025-03-29 05:27:02,36.02857,0.9532738,0,36.02857
2025-03-29 05:27:02,35.405926,-0.6226425,0,35.405926
2025-03-29 05:27:02,33.404278,-2.001648,0,33.404278
2025-03-29 05:27:02,32.307594,-1.0966835,0,32.307594
2025-03-29 05:27:03,32.053177,-0.25441742,0,32.053177
2025-03-29 05:27:03,31.907215,-0.14596176,0,31.907215
2025-03-29 05:27:03,31.932934,0.025718689,0,31.932934
2025-03-29 05:27:03,31.60268,-0.3302536,0,31.60268
2025-03-29 05:27:03,30.85449,-0.7481899,0,30.85449
2025-03-29 05:27:03,32.55329,1.698801,0,32.55329
2025-03-29 05:27:03,30.920815,-1.6324768,0,30.920815
2025-03-29 05:27:03,30.321526,-0.59928894,0,30.321526
2025-03-29 05:27:03,31.486128,1.1646023,0,31.486128
2025-03-29 05:27:03,31.288143,-0.1979847,0,31.288143
2025-03-29 05:27:03,32.797577,1.5094337,0,32.797577
2025-03-29 05:27:03,33.59624,0.7986641,0,33.59624
2025-03-29 05:27:03,31.537771,-2.0584698,0,31.537771
2025-03-29 05:27:03,31.454605,-0.08316612,0,31.454605
2025-03-29 05:27:03,32.462887,1.0082817,0,32.462887
2025-03-29 05:27:03,31.26909,-1.1937962,0,31.26909
2025-03-29 05:27:03,31.155348,-0.11374283,0,31.155348
2025-03-29 05:27:03,30.419987,-0.7353611,0,30.419987
2025-03-29 05:27:03,32.084045,1.6640587,0,32.084045
2025-03-29 05:27:03,31.571938,-0.51210785,0,31.571938
2025-03-29 05:27:03,30.601551,-0.9703865,0,30.601551
2025-03-29 05:27:03,31.339432,0.7378807,0,31.339432
2025-03-29 05:27:04,32.33136,0.9919281,0,32.33136
2025-03-29 05:27:04,32.572132,0.24077225,0,32.572132
2025-03-29 05:27:04,31.520813,-1.0513191,0,31.520813
2025-03-29 05:27:04,32.702538,1.1817245,0,32.702538
2025-03-29 05:27:04,31.198414,-1.5041237,0,31.198414
2025-03-29 05:27:04,31.66237,0.46395683,0,31.66237
2025-03-29 05:27:04,32.94029,1.2779179,0,32.94029
2025-03-29 05:27:04,32.37749,-0.56279755,0,32.37749
2025-03-29 05:27:04,32.412872,0.035381317,0,32.412872
2025-03-29 05:27:04,32.118576,-0.29429626,0,32.118576
2025-03-29 05:27:04,33.37352,1.2549438,0,33.37352
2025-03-29 05:27:04,31.50075,-1.8727703,0,31.50075
2025-03-29 05:27:04,31.07267,-0.4280796,0,31.07267
2025-03-29 05:27:04,31.642792,0.57012177,0,31.642792
2025-03-29 05:27:04,32.04319,0.40039825,0,32.04319
2025-03-29 05:27:04,31.544445,-0.49874496,0,31.544445
2025-03-29 05:27:04,31.280565,-0.26387978,0,31.280565
2025-03-29 05:27:04,33.69897,2.4184055,0,33.69897
2025-03-29 05:27:04,36.915535,3.2165642,0,36.915535
2025-03-29 05:27:04,34.955025,-1.9605103,0,34.955025
2025-03-29 05:27:04,32.466087,-2.4889374,0,32.466087
2025-03-29 05:27:05,31.19054,-1.275547,0,31.19054
2025-03-29 05:27:05,30.30273,-0.88780975,0,30.30273
2025-03-29 05:27:05,32.14876,1.8460312,0,32.14876
2025-03-29 05:27:05,32.13305,-0.015712738,0,32.13305
2025-03-29 05:27:05,31.886885,-0.24616432,0,31.886885
2025-03-29 05:27:05,31.070135,-0.8167496,0,31.070135
2025-03-29 05:27:05,31.584665,0.5145302,0,31.584665
2025-03-29 05:27:05,32.055077,0.4704113,0,32.055077
2025-03-29 05:27:05,31.633759,-0.42131805,0,31.633759
2025-03-29 05:27:05,31.817535,0.18377686,0,31.817535
2025-03-29 05:27:05,31.085608,-0.7319279,0,31.085608
2025-03-29 05:27:05,31.928022,0.84241486,0,31.928022
2025-03-29 05:27:05,31.732422,-0.19560051,0,31.732422
2025-03-29 05:27:05,31.107643,-0.62477875,0,31.107643
2025-03-29 05:27:05,32.40333,1.2956886,0,32.40333
2025-03-29 05:27:05,31.694887,-0.7084446,0,31.694887
2025-03-29 05:27:05,32.09263,0.39774132,0,32.09263
2025-03-29 05:27:05,31.434597,-0.65803146,0,31.434597
2025-03-29 05:27:05,31.346165,-0.08843231,0,31.346165
2025-03-29 05:27:05,30.597313,-0.7488518,0,30.597313
2025-03-29 05:27:05,31.196346,0.59903336,0,31.196346
2025-03-29 05:27:06,32.279926,1.08358,0,32.279926
2025-03-29 05:27:06,30.929462,-1.3504639,0,30.929462
2025-03-29 05:27:06,31.757936,0.82847404,0,31.757936
2025-03-29 05:27:06,31.68079,-0.07714653,0,31.68079
2025-03-29 05:27:06,31.337374,-0.3434162,0,31.337374
2025-03-29 05:27:06,32.38874,1.0513668,0,32.38874
2025-03-29 05:27:06,32.60794,0.21920013,0,32.60794
2025-03-29 05:27:06,31.193312,-1.414629,0,31.193312
2025-03-29 05:27:06,31.200413,0.007101059,0,31.200413
2025-03-29 05:27:06,30.699842,-0.5005703,0,30.699842
2025-03-29 05:27:06,31.529676,0.829834,0,31.529676
2025-03-29 05:27:06,30.797174,-0.732502,0,30.797174
2025-03-29 05:27:06,32.108845,1.3116703,0,32.108845
2025-03-29 05:27:06,33.11123,1.0023842,0,33.11123
2025-03-29 05:27:06,32.34546,-0.76576996,0,32.34546
2025-03-29 05:27:06,32.06934,-0.27611923,0,32.06934
2025-03-29 05:27:06,29.734081,-2.3352585,0,29.734081
2025-03-29 05:27:06,31.193508,1.4594269,0,31.193508
2025-03-29 05:27:06,30.739252,-0.45425606,0,30.739252
2025-03-29 05:27:06,30.12962,-0.6096325,0,30.12962
2025-03-29 05:27:06,31.385994,1.2563744,0,31.385994
2025-03-29 05:27:06,31.527557,0.14156342,0,31.527557
2025-03-29 05:27:07,30.971424,-0.5561333,0,30.971424
2025-03-29 05:27:07,29.924545,-1.0468788,0,29.924545
2025-03-29 05:27:07,30.888596,0.9640503,0,30.888596
2025-03-29 05:27:07,30.254875,-0.6337204,0,30.254875
2025-03-29 05:27:07,30.574095,0.3192196,0,30.574095
2025-03-29 05:27:07,31.600828,1.0267334,0,31.600828
2025-03-29 05:27:07,31.00069,-0.6001377,0,31.00069
2025-03-29 05:27:07,31.661217,0.6605263,0,31.661217
2025-03-29 05:27:07,32.804733,1.1435165,0,32.804733
2025-03-29 05:27:07,31.759432,-1.0453014,0,31.759432
2025-03-29 05:27:07,31.986101,0.22666931,0,31.986101
2025-03-29 05:27:07,30.445097,-1.5410042,0,30.445097
2025-03-29 05:27:07,31.747496,1.3023987,0,31.747496
2025-03-29 05:27:07,29.988426,-1.7590694,0,29.988426
2025-03-29 05:27:07,31.020123,1.0316963,0,31.020123
2025-03-29 05:27:07,29.96212,-1.0580025,0,29.96212
2025-03-29 05:27:07,30.561369,0.5992489,0,30.561369
2025-03-29 05:27:07,31.43829,0.8769207,0,31.43829
2025-03-29 05:27:07,30.978104,-0.460186,0,30.978104
2025-03-29 05:27:07,31.454124,0.4760208,0,31.454124
2025-03-29 05:27:07,30.799084,-0.65504074,0,30.799084
2025-03-29 05:27:08,31.865997,1.0669136,0,31.865997
2025-03-29 05:27:08,31.43245,-0.43354797,0,31.43245
2025-03-29 05:27:08,30.831747,-0.6007023,0,30.831747
2025-03-29 05:27:08,31.23889,0.40714264,0,31.23889
2025-03-29 05:27:08,31.16908,-0.06980896,0,31.16908
2025-03-29 05:27:08,31.195831,0.026750565,0,31.195831
2025-03-29 05:27:08,31.086208,-0.109622955,0,31.086208
2025-03-29 05:27:08,32.105305,1.0190964,0,32.105305
2025-03-29 05:27:08,31.629578,-0.47572708,0,31.629578
2025-03-29 05:27:08,31.692408,0.06282997,0,31.692408
2025-03-29 05:27:08,32.802544,1.110136,0,32.802544
2025-03-29 05:27:08,33.270744,0.46820068,0,33.270744
2025-03-29 05:27:08,30.091475,-3.1792698,0,30.091475
2025-03-29 05:27:08,30.966358,0.87488365,0,30.966358
2025-03-29 05:27:08,31.651476,0.6851177,0,31.651476
2025-03-29 05:27:08,30.489162,-1.1623135,0,30.489162
2025-03-29 05:27:08,31.6461,1.1569366,0,31.6461
2025-03-29 05:27:08,30.29356,-1.3525391,0,30.29356
2025-03-29 05:27:08,31.532938,1.239378,0,31.532938
2025-03-29 05:27:08,30.283995,-1.2489433,0,30.283995
2025-03-29 05:27:08,31.731895,1.4479008,0,31.731895
2025-03-29 05:27:08,31.23685,-0.4950447,0,31.23685
2025-03-29 05:27:09,30.676153,-0.56069756,0,30.676153
2025-03-29 05:27:09,30.804308,0.12815475,0,30.804308
2025-03-29 05:27:09,30.722254,-0.08205414,0,30.722254
2025-03-29 05:27:09,31.341475,0.61922073,0,31.341475
2025-03-29 05:27:09,32.299004,0.95752907,0,32.299004
2025-03-29 05:27:09,30.921036,-1.3779678,0,30.921036
2025-03-29 05:27:09,31.084156,0.16312027,0,31.084156
2025-03-29 05:27:09,31.144,0.059843063,0,31.144
2025-03-29 05:27:09,31.21497,0.070970535,0,31.21497
2025-03-29 05:27:09,33.21217,1.9972,0,33.21217
2025-03-29 05:27:09,33.204235,-0.00793457,0,33.204235
2025-03-29 05:27:09,31.74736,-1.4568748,0,31.74736
2025-03-29 05:27:09,31.88073,0.13336945,0,31.88073
2025-03-29 05:27:09,31.09154,-0.7891903,0,31.09154
2025-03-29 05:27:09,31.677032,0.5854931,0,31.677032
2025-03-29 05:27:09,31.62344,-0.053592682,0,31.62344
2025-03-29 05:27:09,31.578568,-0.044872284,0,31.578568
2025-03-29 05:27:09,30.71172,-0.866848,0,30.71172
2025-03-29 05:27:09,30.881752,0.1700325,0,30.881752
2025-03-29 05:27:09,31.39281,0.5110588,0,31.39281
2025-03-29 05:27:09,31.237947,-0.15486336,0,31.237947
2025-03-29 05:27:09,32.389843,1.1518955,0,32.389843
2025-03-29 05:27:10,31.302868,-1.0869751,0,31.302868
2025-03-29 05:27:10,30.734987,-0.56788063,0,30.734987
2025-03-29 05:27:10,31.286383,0.5513954,0,31.286383
2025-03-29 05:27:10,30.177603,-1.1087799,0,30.177603
2025-03-29 05:27:10,31.5075,1.3298969,0,31.5075
2025-03-29 05:27:10,32.5992,1.0917015,0,32.5992
2025-03-29 05:27:10,32.872948,0.2737465,0,32.872948
2025-03-29 05:27:10,31.680506,-1.1924419,0,31.680506
2025-03-29 05:27:10,30.66137,-1.0191364,0,30.66137
2025-03-29 05:27:10,32.48474,1.8233719,0,32.48474
2025-03-29 05:27:10,30.742338,-1.742403,0,30.742338
2025-03-29 05:27:10,32.395054,1.6527157,0,32.395054
2025-03-29 05:27:10,29.893772,-2.5012817,0,29.893772
2025-03-29 05:27:10,32.199226,2.3054543,0,32.199226
2025-03-29 05:27:10,32.379646,0.18041992,0,32.379646
2025-03-29 05:27:10,31.63134,-0.7483063,0,31.63134
2025-03-29 05:27:10,33.020237,1.388897,0,33.020237
2025-03-29 05:27:10,30.390701,-2.6295357,0,30.390701
2025-03-29 05:27:10,32.16488,1.7741776,0,32.16488
2025-03-29 05:27:10,31.199814,-0.965065,0,31.199814
2025-03-29 05:27:10,32.71403,1.5142174,0,32.71403
2025-03-29 05:27:11,31.692429,-1.0216026,0,31.692429
2025-03-29 05:27:11,31.184547,-0.50788116,0,31.184547
2025-03-29 05:27:11,31.753569,0.5690212,0,31.753569
2025-03-29 05:27:11,29.994587,-1.7589817,0,29.994587
2025-03-29 05:27:11,31.271364,1.2767773,0,31.271364
2025-03-29 05:27:11,31.50082,0.22945595,0,31.50082
2025-03-29 05:27:11,31.221992,-0.27882767,0,31.221992
2025-03-29 05:27:11,31.13452,-0.087472916,0,31.13452
2025-03-29 05:27:11,30.930706,-0.20381355,0,30.930706
2025-03-29 05:27:11,31.889448,0.95874214,0,31.889448
2025-03-29 05:27:11,32.03965,0.1502018,0,32.03965
2025-03-29 05:27:11,30.118887,-1.920763,0,30.118887
2025-03-29 05:27:11,31.854076,1.7351894,0,31.854076
2025-03-29 05:27:11,31.649174,-0.20490265,0,31.649174
2025-03-29 05:27:11,30.438042,-1.211132,0,30.438042
2025-03-29 05:27:11,31.599056,1.1610146,0,31.599056
2025-03-29 05:27:11,31.160706,-0.43835068,0,31.160706
2025-03-29 05:27:11,32.391453,1.2307472,0,32.391453
2025-03-29 05:27:11,33.38961,0.9981575,0,33.38961
2025-03-29 05:27:11,34.420918,1.0313072,0,34.420918
2025-03-29 05:27:11,32.337017,-2.0839005,0,32.337017
2025-03-29 05:27:11,31.296217,-1.0408001,0,31.296217
2025-03-29 05:27:12,31.983341,0.68712425,0,31.983341
2025-03-29 05:27:12,32.084007,0.100666046,0,32.084007
2025-03-29 05:27:12,30.576012,-1.5079956,0,30.576012
2025-03-29 05:27:12,30.711042,0.13503075,0,30.711042
2025-03-29 05:27:12,30.521746,-0.18929672,0,30.521746
2025-03-29 05:27:12,36.11374,5.5919933,0,36.11374
2025-03-29 05:27:12,34.256294,-1.8574448,0,34.256294
2025-03-29 05:27:12,33.089924,-1.1663704,0,33.089924
2025-03-29 05:27:12,45.02842,11.938496,0,45.02842
2025-03-29 05:27:12,48.60986,3.58144,0,48.60986
2025-03-29 05:27:12,46.805763,-1.8040962,0,46.805763
2025-03-29 05:27:12,38.64669,-8.159073,0,38.64669
2025-03-29 05:27:12,34.24846,-4.3982315,0,34.24846
2025-03-29 05:27:12,40.982307,6.7338486,0,40.982307
2025-03-29 05:27:12,51.33175,10.349442,0,51.33175
2025-03-29 05:27:12,51.08464,-0.24710846,0,51.08464
2025-03-29 05:27:12,40.707573,-10.377068,0,40.707573
2025-03-29 05:27:12,40.609722,-0.0978508,0,40.609722
2025-03-29 05:27:12,44.645317,4.035595,0,44.645317
2025-03-29 05:27:12,39.66857,-4.9767456,0,39.66857
2025-03-29 05:27:12,37.942978,-1.7255936,0,37.942978
2025-03-29 05:27:13,34.857452,-3.0855255,0,34.857452
2025-03-29 05:27:13,38.070312,3.21286,0,38.070312
2025-03-29 05:27:13,38.521523,0.45121002,0,38.521523
2025-03-29 05:27:13,36.970787,-1.5507355,0,36.970787
2025-03-29 05:27:13,40.007782,3.036995,0,40.007782
2025-03-29 05:27:13,38.182053,-1.8257294,0,38.182053
2025-03-29 05:27:13,34.057503,-4.12455,0,34.057503
2025-03-29 05:27:13,36.06246,2.004959,0,36.06246
2025-03-29 05:27:13,34.357403,-1.705059,0,34.357403
2025-03-29 05:27:13,34.16813,-0.18927383,0,34.16813
2025-03-29 05:27:13,38.849895,4.6817665,0,38.849895
2025-03-29 05:27:13,41.53492,2.6850243,0,41.53492
2025-03-29 05:27:13,42.395546,0.8606262,0,42.395546
2025-03-29 05:27:13,47.25031,4.854763,0,47.25031
2025-03-29 05:27:13,38.18439,-9.065918,0,38.18439
2025-03-29 05:27:13,35.926147,-2.2582436,0,35.926147
2025-03-29 05:27:13,35.60896,-0.31718826,0,35.60896
2025-03-29 05:27:13,38.802757,3.193798,0,38.802757
2025-03-29 05:27:13,39.912422,1.1096649,0,39.912422
2025-03-29 05:27:13,34.809326,-5.103096,0,34.809326
2025-03-29 05:27:13,35.54147,0.7321434,0,35.54147
2025-03-29 05:27:13,34.716675,-0.82479477,0,34.716675
2025-03-29 05:27:14,33.00546,-1.711216,0,33.00546
2025-03-29 05:27:14,36.95211,3.9466515,0,36.95211
2025-03-29 05:27:14,42.03876,5.086651,0,42.03876
2025-03-29 05:27:14,37.26545,-4.7733116,0,37.26545
2025-03-29 05:27:14,34.273056,-2.9923935,0,34.273056
2025-03-29 05:27:14,34.94946,0.67640305,0,34.94946
2025-03-29 05:27:14,33.99087,-0.95858765,0,33.99087
2025-03-29 05:27:14,32.418846,-1.5720253,0,32.418846
2025-03-29 05:27:14,32.251022,-0.16782379,0,32.251022
2025-03-29 05:27:14,31.71115,-0.5398731,0,31.71115
2025-03-29 05:27:14,35.079445,3.3682957,0,35.079445
2025-03-29 05:27:14,32.28346,-2.7959862,0,32.28346
2025-03-29 05:27:14,31.225769,-1.0576897,0,31.225769
2025-03-29 05:27:14,32.289803,1.0640335,0,32.289803
2025-03-29 05:27:14,31.44803,-0.8417721,0,31.44803
2025-03-29 05:27:14,32.67822,1.2301884,0,32.67822
2025-03-29 05:27:14,33.149727,0.47150803,0,33.149727
2025-03-29 05:27:14,31.665226,-1.4845009,0,31.665226
2025-03-29 05:27:14,32.022778,0.35755157,0,32.022778
2025-03-29 05:27:14,32.578537,0.55575943,0,32.578537
2025-03-29 05:27:14,32.571465,-0.0070724487,0,32.571465
2025-03-29 05:27:15,32.356857,-0.21460724,0,32.356857
2025-03-29 05:27:15,32.21943,-0.13742828,0,32.21943
2025-03-29 05:27:15,31.513317,-0.7061119,0,31.513317
2025-03-29 05:27:15,31.454063,-0.059253693,0,31.454063
2025-03-29 05:27:15,32.39607,0.94200516,0,32.39607
2025-03-29 05:27:15,30.603846,-1.792223,0,30.603846
2025-03-29 05:27:15,31.447952,0.8441067,0,31.447952
2025-03-29 05:27:15,30.725166,-0.72278595,0,30.725166
2025-03-29 05:27:15,31.831432,1.106266,0,31.831432
2025-03-29 05:27:15,31.587757,-0.24367523,0,31.587757
2025-03-29 05:27:15,31.46715,-0.120607376,0,31.46715
2025-03-29 05:27:15,30.64787,-0.8192806,0,30.64787
2025-03-29 05:27:15,32.129616,1.4817467,0,32.129616
2025-03-29 05:27:15,31.989578,-0.14003754,0,31.989578
2025-03-29 05:27:15,31.506243,-0.4833355,0,31.506243
2025-03-29 05:27:15,32.106804,0.60056114,0,32.106804
2025-03-29 05:27:15,32.851517,0.7447128,0,32.851517
2025-03-29 05:27:15,31.210648,-1.6408691,0,31.210648
2025-03-29 05:27:15,31.749577,0.538929,0,31.749577
2025-03-29 05:27:15,31.613829,-0.13574791,0,31.613829
2025-03-29 05:27:15,31.144558,-0.4692707,0,31.144558
2025-03-29 05:27:16,32.23725,1.0926933,0,32.23725
2025-03-29 05:27:16,31.205494,-1.0317574,0,31.205494
2025-03-29 05:27:16,31.784925,0.57943153,0,31.784925
2025-03-29 05:27:16,31.756931,-0.027994156,0,31.756931
2025-03-29 05:27:16,32.681183,0.92425156,0,32.681183
2025-03-29 05:27:16,32.908363,0.22718048,0,32.908363
2025-03-29 05:27:16,31.323162,-1.5852013,0,31.323162
2025-03-29 05:27:16,31.446049,0.12288666,0,31.446049
2025-03-29 05:27:16,31.879395,0.4333458,0,31.879395
2025-03-29 05:27:16,32.014996,0.13560104,0,32.014996
2025-03-29 05:27:16,33.91234,1.8973427,0,33.91234
2025-03-29 05:27:16,33.384396,-0.52794266,0,33.384396
2025-03-29 05:27:16,32.568314,-0.816082,0,32.568314
2025-03-29 05:27:16,34.241886,1.6735725,0,34.241886
2025-03-29 05:27:16,33.86139,-0.38049698,0,33.86139
2025-03-29 05:27:16,33.378235,-0.4831543,0,33.378235
2025-03-29 05:27:16,33.39747,0.019233704,0,33.39747
2025-03-29 05:27:16,31.027784,-2.3696842,0,31.027784
2025-03-29 05:27:16,31.585575,0.55779076,0,31.585575
2025-03-29 05:27:16,31.445864,-0.13971138,0,31.445864
2025-03-29 05:27:16,31.896067,0.45020294,0,31.896067
2025-03-29 05:27:16,31.054518,-0.8415489,0,31.054518
2025-03-29 05:27:17,30.870026,-0.18449211,0,30.870026
2025-03-29 05:27:17,32.502407,1.6323814,0,32.502407
2025-03-29 05:27:17,35.100544,2.598137,0,35.100544
2025-03-29 05:27:17,32.038597,-3.0619469,0,32.038597
2025-03-29 05:27:17,32.44156,0.40296173,0,32.44156
2025-03-29 05:27:17,32.702354,0.2607956,0,32.702354
2025-03-29 05:27:17,31.725754,-0.97660065,0,31.725754
2025-03-29 05:27:17,31.185364,-0.54039,0,31.185364
2025-03-29 05:27:17,31.57946,0.39409637,0,31.57946
2025-03-29 05:27:17,32.183804,0.6043434,0,32.183804
2025-03-29 05:27:17,31.047249,-1.1365547,0,31.047249
2025-03-29 05:27:17,30.256853,-0.79039574,0,30.256853
2025-03-29 05:27:17,33.20633,2.9494762,0,33.20633
2025-03-29 05:27:17,33.7201,0.51377106,0,33.7201
2025-03-29 05:27:17,34.11334,0.39323807,0,34.11334
2025-03-29 05:27:17,33.175964,-0.9373741,0,33.175964
2025-03-29 05:27:17,31.529144,-1.6468201,0,31.529144
2025-03-29 05:27:17,31.30687,-0.22227478,0,31.30687
2025-03-29 05:27:17,32.175285,0.86841583,0,32.175285
2025-03-29 05:27:17,30.569748,-1.6055374,0,30.569748
2025-03-29 05:27:17,32.117672,1.547924,0,32.117672
2025-03-29 05:27:18,32.778187,0.66051483,0,32.778187
2025-03-29 05:27:18,33.50599,0.7278023,0,33.50599
2025-03-29 05:27:18,31.329975,-2.176014,0,31.329975
2025-03-29 05:27:18,33.05464,1.7246666,0,33.05464
2025-03-29 05:27:18,31.7589,-1.295742,0,31.7589
2025-03-29 05:27:18,30.127178,-1.6317215,0,30.127178
2025-03-29 05:27:18,31.422873,1.2956944,0,31.422873
2025-03-29 05:27:18,31.30698,-0.11589241,0,31.30698
2025-03-29 05:27:18,31.290361,-0.016618729,0,31.290361
2025-03-29 05:27:18,33.588615,2.298254,0,33.588615
2025-03-29 05:27:18,33.38255,-0.20606613,0,33.38255
2025-03-29 05:27:18,32.07818,-1.3043709,0,32.07818
2025-03-29 05:27:18,30.991669,-1.0865097,0,30.991669
2025-03-29 05:27:18,32.105198,1.1135292,0,32.105198
2025-03-29 05:27:18,32.364292,0.25909424,0,32.364292
2025-03-29 05:27:18,31.888474,-0.47581863,0,31.888474
2025-03-29 05:27:18,33.34694,1.4584656,0,33.34694
2025-03-29 05:27:18,31.810343,-1.5365963,0,31.810343
2025-03-29 05:27:18,33.396797,1.5864544,0,33.396797
2025-03-29 05:27:18,33.607857,0.21105957,0,33.607857
2025-03-29 05:27:18,32.064346,-1.5435104,0,32.064346
2025-03-29 05:27:18,30.990845,-1.0735016,0,30.990845
2025-03-29 05:27:19,31.495434,0.5045891,0,31.495434
2025-03-29 05:27:19,31.438515,-0.056919098,0,31.438515
2025-03-29 05:27:19,31.85298,0.41446495,0,31.85298
2025-03-29 05:27:19,29.995184,-1.8577957,0,29.995184
2025-03-29 05:27:19,30.519829,0.52464485,0,30.519829
2025-03-29 05:27:19,34.871056,4.351227,0,34.871056
2025-03-29 05:27:19,37.67775,2.806694,0,37.67775
2025-03-29 05:27:19,34.38517,-3.2925797,0,34.38517
2025-03-29 05:27:19,31.633171,-2.751999,0,31.633171
2025-03-29 05:27:19,33.70913,2.0759583,0,33.70913
2025-03-29 05:27:19,34.143997,0.43486786,0,34.143997
2025-03-29 05:27:19,32.285774,-1.858223,0,32.285774
2025-03-29 05:27:19,32.305607,0.019832611,0,32.305607
2025-03-29 05:27:19,32.323036,0.017429352,0,32.323036
2025-03-29 05:27:19,32.34966,0.026622772,0,32.34966
2025-03-29 05:27:19,32.781155,0.43149567,0,32.781155
2025-03-29 05:27:19,34.785923,2.0047684,0,34.785923
2025-03-29 05:27:19,35.700527,0.9146042,0,35.700527
2025-03-29 05:27:19,33.399017,-2.3015099,0,33.399017
2025-03-29 05:27:19,35.348022,1.9490051,0,35.348022
2025-03-29 05:27:19,33.936905,-1.4111176,0,33.936905
2025-03-29 05:27:19,32.944744,-0.9921608,0,32.944744
2025-03-29 05:27:20,31.670792,-1.2739525,0,31.670792
2025-03-29 05:27:20,30.410128,-1.260664,0,30.410128
2025-03-29 05:27:20,32.03157,1.6214428,0,32.03157
2025-03-29 05:27:20,33.601036,1.5694656,0,33.601036
2025-03-29 05:27:20,35.049698,1.4486618,0,35.049698
2025-03-29 05:27:20,33.934166,-1.1155319,0,33.934166
2025-03-29 05:27:20,34.147774,0.21360779,0,34.147774
2025-03-29 05:27:20,33.49544,-0.6523323,0,33.49544
2025-03-29 05:27:20,33.65688,0.16143799,0,33.65688
2025-03-29 05:27:20,33.30693,-0.34994888,0,33.30693
2025-03-29 05:27:20,32.517883,-0.78904724,0,32.517883
2025-03-29 05:27:20,33.051003,0.5331192,0,33.051003
2025-03-29 05:27:20,32.127514,-0.9234886,0,32.127514
2025-03-29 05:27:20,32.297142,0.16962814,0,32.297142
2025-03-29 05:27:20,31.763622,-0.53351974,0,31.763622
2025-03-29 05:27:20,32.927547,1.1639252,0,32.927547
2025-03-29 05:27:20,32.25103,-0.6765175,0,32.25103
2025-03-29 05:27:20,34.134106,1.8830757,0,34.134106
2025-03-29 05:27:20,32.16076,-1.9733467,0,32.16076
2025-03-29 05:27:20,30.825665,-1.3350945,0,30.825665
2025-03-29 05:27:20,30.115738,-0.7099266,0,30.115738
2025-03-29 05:27:20,31.595901,1.4801636,0,31.595901
2025-03-29 05:27:21,31.504066,-0.09183502,0,31.504066
2025-03-29 05:27:21,33.359806,1.8557396,0,33.359806
2025-03-29 05:27:21,33.066994,-0.29281235,0,33.066994
2025-03-29 05:27:21,32.116116,-0.95087814,0,32.116116
2025-03-29 05:27:21,40.628895,8.512779,0,40.628895
2025-03-29 05:27:21,40.266106,-0.36278915,0,40.266106
